<?xml version='1.0' encoding='UTF-8'?>
<addon id="repository.betaseries" name="BetaSeries Repository" version="1.0.2" provider-name="nekoserv-kodi">
	<extension point="xbmc.addon.repository" name="BetaSeries Add-on Repository">
		<info compressed="true">https://raw.githubusercontent.com/nekoserv-kodi-addons/betaseries/master/repository/addons.xml</info>
		<checksum>https://raw.githubusercontent.com/nekoserv-kodi-addons/betaseries/master/repository/addons.xml.md5</checksum>
		<datadir zip="true">https://github.com/nekoserv-kodi-addons/betaseries/archive</datadir>
	</extension>
	<extension point="xbmc.addon.metadata">
		<summary>BetaSeries Add-on Repository</summary>
		<description lang="en">This repository contains the BetaSeries.com add-on for XBMC and maintains it up to date</description>
		<description lang="fr">Ce dépôt contient l'extension BetaSeries.com pour XBMC et permet de la maintenir à jour</description>
                <disclaimer>If it breaks, you get to keep the pieces</disclaimer>
		<platform>all</platform>
		<news>
v1.0.2
    [udp] repository url update
v1.0.1
    [fix] missing icon</news>
		<assets>
			<icon>resources/icon.png</icon>
		</assets>
	</extension>
</addon>