<?xml version='1.0' encoding='UTF-8'?>
<addon id="service.subtitles.betaseries" name="Betaseries" version="1.1.0" provider-name="nekoserv-kodi">
	<requires>
		<import addon="xbmc.python" version="3.0.0" />
		<import addon="script.module.simplejson" version="3.17.0" />
	</requires>
	<extension point="xbmc.subtitle.module" library="service.py" />
	<extension point="xbmc.addon.metadata">
		<platform>all</platform>
		<summary lang="en">BetaSeries subtitles service</summary>
		<summary lang="fr">Service de sous-titres BetaSeries</summary>
		<description lang="en">Search and download subtitles from BetaSeries.com</description>
		<description lang="fr">Rechercher et télécharger des sous-titres depuis BetaSeries.com</description>
		<news>
v1.1.0
    [fix] missing icon
    [opt] global code cleanup
v1.0.3
    [opt] faster ZIP extractions
    [fix] subtitle filename on disk</news>
		<assets>
			<icon>resources/icon.png</icon>
		</assets>
	</extension>
</addon>